actor_id,bacon_number,intermediary
1,3,1753
2,4,1554
3,,
4,3,2013
5,3,4702
6,4,2639
7,4,1781
8,,
9,,
10,4,726
11,3,3255
12,4,1386
13,2,1138
14,3,3296
15,2,1946
16,3,2647
17,3,3666
18,5,3782
19,,
20,5,2308
21,4,2440
22,3,4651
23,4,2125
24,3,4296
25,4,2769
26,4,1469
27,2,463
28,2,4666
29,3,2384
30,3,2039
31,4,3079
32,,
33,,
34,3,3477
35,,
36,3,2550
37,,
38,4,2493
39,5,4612
40,2,2551
41,3,2664
42,,
43,,
44,3,4296
45,5,1552
46,3,4874
47,,
48,3,1113
49,6,4854
50,2,4029
51,4,3936
52,2,3246
53,2,1138
54,4,3961
55,3,3293
56,5,4028
57,5,266
58,3,2966
59,4,2336
60,,
61,,
62,6,3834
63,3,2031
64,4,4062
65,4,587
66,4,378
67,4,2321
68,3,4941
69,2,2551
70,3,3316
71,3,4296
72,4,4101
73,3,1591
74,2,4029
75,4,4052
76,3,573
77,3,1113
78,,
79,,
80,3,4350
81,3,1317
82,4,2440
83,1,2720
84,4,2839
85,5,4074
86,4,4907
87,4,3073
88,3,3414
89,4,2125
90,,
91,4,3768
92,3,3477
93,4,4181
94,4,662
95,4,2919
96,3,3891
97,5,2717
98,2,4666
99,3,2192
100,3,4296
101,3,857
102,,
103,5,2717
104,4,4433
105,3,2796
106,3,3414
107,,
108,3,3363
109,6,4841
110,4,2398
111,3,3285
112,3,3426
113,3,3720
114,4,2079
115,4,2492
116,5,3474
117,3,2681
118,3,1753
119,3,2346
120,5,4552
121,5,678
122,,
123,,
124,4,955
125,,
126,,
127,4,16
128,,
129,4,1350
130,,
131,3,4872
132,3,2031
133,2,1092
134,3,923
135,4,3205
136,3,2702
137,5,3052
138,3,934
139,3,4808
140,6,2714
141,4,770
142,3,2436
143,2,2747
144,3,2346
145,3,4305
146,,
147,3,3340
148,3,1753
149,3,1516
150,3,3177
151,3,1258
152,3,185
153,3,2449
154,2,2724
155,2,4029
156,,
157,5,678
158,3,650
159,5,2717
160,3,4523
161,,
162,,
163,3,460
164,2,83
165,,
166,4,1417
167,4,3367
168,,
169,4,1800
170,,
171,6,3110
172,4,4036
173,3,3717
174,3,725
175,4,3073
176,4,3800
177,3,2751
178,3,232
179,3,4523
180,4,3796
181,4,691
182,,
183,4,3768
184,3,2994
185,2,2724
186,4,3660
187,,
188,2,775
189,4,4466
190,2,3246
191,6,2238
192,3,4383
193,3,2640
194,3,648
195,3,4941
196,,
197,3,3293
198,,
199,3,590
200,3,2023
201,4,4293
202,4,523
203,5,4707
204,3,2262
205,7,1847
206,,
207,4,1995
208,3,4811
209,3,4503
210,5,2544
211,4,1350
212,4,589
213,,
214,5,1141
215,4,1693
216,3,3266
217,3,1940
218,3,3854
219,3,934
220,3,4177
221,,
222,5,2130
223,,
224,5,3184
225,,
226,3,1773
227,4,1610
228,3,3823
229,2,1559
230,2,3246
231,3,4222
232,2,1085
233,3,4811
234,4,1719
235,,
236,4,4850
237,8,1193
238,3,503
239,2,4029
240,,
241,3,969
242,4,2257
243,4,1417
244,5,3330
245,5,266
246,4,3023
247,2,1946
248,3,3552
249,3,2367
250,4,292
251,3,3313
252,3,2426
253,2,83
254,3,3266
255,3,2136
256,6,1982
257,3,50
258,7,2391
259,4,4984
260,3,1176
261,2,4659
262,,
263,4,3660
264,,
265,3,2290
266,4,3350
267,2,509
268,2,4691
269,2,463
270,3,1880
271,3,4296
272,3,2335
273,4,4907
274,5,3330
275,4,726
276,3,4465
277,3,4221
278,3,1100
279,5,2560
280,4,2398
281,,
282,,
283,3,1107
284,,
285,3,3426
286,4,1046
287,4,1338
288,4,4568
289,5,1843
290,,
291,2,1085
292,3,4807
293,5,2909
294,2,463
295,3,3854
296,3,1999
297,,
298,4,1268
299,3,53
300,4,4628
301,3,3959
302,3,911
303,,
304,,
305,4,2628
306,4,4052
307,4,4466
308,4,1574
309,4,2028
310,3,737
311,5,1552
312,4,2725
313,5,172
314,,
315,2,4691
316,4,179
317,3,2773
318,3,2367
319,,
320,4,589
321,3,1802
322,,
323,5,4621
324,3,1317
325,4,651
326,5,3927
327,4,1388
328,3,2994
329,,
330,4,1916
331,4,2244
332,3,294
333,3,3560
334,4,589
335,3,1300
336,3,4678
337,2,509
338,4,4113
339,3,3527
340,3,4811
341,5,664
342,3,4296
343,4,2147
344,3,3786
345,4,2401
346,3,2188
347,4,1515
348,3,566
349,3,3340
350,4,898
351,3,503
352,4,3692
353,5,4851
354,4,4700
355,4,1610
356,4,1515
357,3,2188
358,4,796
359,5,410
360,3,4065
361,3,4874
362,,
363,4,399
364,,
365,3,4616
366,4,909
367,3,2436
368,,
369,4,2440
370,5,87
371,,
372,3,2640
373,4,1059
374,2,4666
375,2,4029
376,3,2221
377,,
378,3,503
379,6,4056
380,3,4475
381,3,850
382,7,2357
383,4,901
384,2,775
385,5,1586
386,2,83
387,4,2565
388,,
389,3,3859
390,4,3800
391,6,886
392,3,573
393,4,2171
394,3,3823
395,4,4947
396,3,2101
397,3,3677
398,3,590
399,3,2915
400,2,4029
401,2,3246
402,2,4691
403,,
404,,
405,,
406,5,808
407,,
408,,
409,3,590
410,4,4751
411,3,1572
412,4,2271
413,4,1693
414,4,2028
415,3,375
416,3,2682
417,4,1624
418,4,2565
419,4,2759
420,4,1496
421,4,55
422,3,3361
423,,
424,4,1294
425,4,2911
426,3,1940
427,3,564
428,3,1078
429,4,1439
430,,
431,3,4811
432,3,1129
433,4,4064
434,3,1753
435,4,3146
436,3,464
437,3,4811
438,2,1518
439,,
440,3,1300
441,4,2857
442,4,1493
443,4,2007
444,3,1799
445,3,50
446,5,995
447,3,4024
448,4,2244
449,3,2162
450,4,3355
451,,
452,3,3293
453,3,294
454,,
455,4,4696
456,3,3293
457,4,30
458,3,4523
459,4,4458
460,2,4029
461,4,471
462,3,185
463,1,2720
464,2,4666
465,2,463
466,,
467,,
468,4,1693
469,2,463
470,3,609
471,3,4616
472,1,2720
473,2,4029
474,3,4523
475,4,3956
476,3,4344
477,4,1538
478,3,2892
479,,
480,,
481,4,4907
482,3,4910
483,4,3777
484,3,725
485,3,3869
486,3,3742
487,3,4625
488,4,3165
489,,
490,4,2230
491,2,2551
492,4,4466
493,2,891
494,4,4466
495,3,3498
496,6,4056
497,3,1994
498,4,2125
499,3,2039
500,3,573
501,2,4666
502,3,3637
503,2,1946
504,3,2346
505,,
506,3,3869
507,3,1572
508,,
509,1,2720
510,4,4380
511,3,4065
512,4,898
513,3,3959
514,5,64
515,4,1400
516,3,3840
517,4,4561
518,4,2028
519,4,955
520,6,1988
521,3,1940
522,4,3375
523,3,3854
524,,
525,4,748
526,2,463
527,3,3840
528,3,3676
529,2,1946
530,4,233
531,,
532,3,2702
533,3,4475
534,3,4523
535,5,4607
536,6,2653
537,3,2300
538,4,1336
539,3,4093
540,,
541,4,2094
542,4,2021
543,4,1322
544,3,2023
545,3,3313
546,2,463
547,4,16
548,4,651
549,3,4225
550,3,294
551,3,3552
552,4,4984
553,4,4113
554,3,3720
555,,
556,2,775
557,3,805
558,,
559,4,2880
560,4,2147
561,4,1866
562,3,2136
563,6,1453
564,2,1360
565,4,4380
566,2,4666
567,4,898
568,2,4691
569,4,2563
570,3,3316
571,3,3293
572,,
573,2,1559
574,3,3288
575,,
576,2,4659
577,3,74
578,6,535
579,,
580,4,4459
581,3,1567
582,4,4189
583,5,2955
584,4,324
585,4,1060
586,3,4889
587,3,3717
588,4,3796
589,3,696
590,2,1085
591,3,4523
592,,
593,5,2544
594,2,4666
595,3,3959
596,5,3530
597,2,3246
598,3,1572
599,3,934
600,3,1880
601,4,3863
602,,
603,3,4177
604,4,1841
605,4,416
606,3,4598
607,3,728
608,2,3246
609,2,1946
610,6,2653
611,4,1991
612,3,2362
613,2,2551
614,,
615,4,399
616,3,4858
617,4,1037
618,4,3796
619,3,725
620,,
621,,
622,3,4465
623,3,294
624,,
625,2,1560
626,3,1107
627,4,272
628,4,4947
629,3,3414
630,2,2747
631,3,1572
632,4,729
633,4,4113
634,4,4792
635,3,4071
636,,
637,3,2915
638,2,4659
639,3,1880
640,,
641,4,870
642,3,648
643,2,1946
644,2,4666
645,3,4363
646,3,696
647,3,2664
648,2,1946
649,3,1186
650,2,463
651,3,3859
652,3,4296
653,2,3246
654,2,1560
655,2,1092
656,4,2141
657,4,544
658,3,3245
659,,
660,4,3185
661,3,590
662,3,2640
663,3,3720
664,4,177
665,3,3293
666,3,2303
667,3,802
668,3,4296
669,4,1813
670,2,4029
671,3,491
672,3,4465
673,6,3732
674,4,1823
675,4,4568
676,5,3953
677,4,431
678,4,4720
679,5,4073
680,4,589
681,4,1337
682,4,217
683,4,2568
684,3,3666
685,2,2724
686,,
687,4,2440
688,3,4222
689,4,2015
690,3,4065
691,3,1317
692,3,1200
693,3,4811
694,3,294
695,4,2028
696,2,4666
697,3,491
698,3,4296
699,2,4029
700,3,4910
701,3,3823
702,5,75
703,5,410
704,,
705,3,503
706,3,2136
707,4,4700
708,,
709,,
710,,
711,4,2371
712,3,2449
713,3,503
714,5,4374
715,3,3786
716,4,1813
717,5,1947
718,2,4029
719,3,4856
720,2,2747
721,3,3861
722,1,2720
723,4,854
724,4,1268
725,2,4029
726,3,384
727,4,4013
728,2,4029
729,3,4221
730,3,3426
731,2,3613
732,4,1800
733,4,394
734,4,1232
735,2,775
736,,
737,2,1085
738,2,83
739,,
740,,
741,3,1238
742,5,4556
743,3,4093
744,3,1940
745,4,4341
746,4,4200
747,3,294
748,3,2618
749,3,2290
750,3,3560
751,,
752,2,4029
753,3,2618
754,3,460
755,4,3419
756,4,534
757,3,4678
758,3,2664
759,3,3334
760,3,3896
761,4,4036
762,2,4666
763,3,1572
764,3,4438
765,3,752
766,6,2394
767,,
768,3,4626
769,3,267
770,3,50
771,,
772,3,720
773,3,4438
774,3,2397
775,1,2720
776,3,3177
777,4,1787
778,2,1890
779,3,798
780,4,1787
781,4,1864
782,4,1538
783,4,1636
784,3,3950
785,4,3079
786,3,4340
787,4,1916
788,4,2880
789,4,2007
790,3,699
791,3,1200
792,3,4340
793,3,3918
794,4,2440
795,3,3450
796,3,4296
797,3,934
798,2,1946
799,3,4093
800,4,2440
801,1,2720
802,2,509
803,3,267
804,5,1079
805,2,4029
806,2,2724
807,4,726
808,4,3013
809,,
810,3,725
811,4,3419
812,3,2136
813,3,625
814,2,1518
815,4,2015
816,2,4029
817,2,509
818,5,1141
819,3,4296
820,4,179
821,4,2798
822,4,3612
823,4,1991
824,,
825,4,4102
826,4,324
827,4,2147
828,,
829,7,981
830,4,2440
831,4,1866
832,,
833,4,2028
834,,
835,4,1813
836,4,2798
837,,
838,3,3840
839,3,4296
840,4,3796
841,3,4344
842,4,2509
843,4,1577
844,3,1200
845,3,1838
846,4,1469
847,3,1940
848,3,566
849,,
850,2,2388
851,4,796
852,3,4955
853,3,4811
854,3,3477
855,3,590
856,4,1587
857,2,4029
858,3,1940
859,3,1806
860,3,1148
861,5,4552
862,4,16
863,5,4451
864,4,1152
865,3,4177
866,3,2915
867,2,1559
868,2,2551
869,3,573
870,3,4199
871,,
872,2,4691
873,5,807
874,,
875,6,4206
876,4,2028
877,5,4848
878,4,2173
879,4,2440
880,,
881,3,4651
882,2,1138
883,2,1138
884,4,1152
885,4,4113
886,5,3939
887,2,4666
888,2,3536
889,3,3414
890,3,2449
891,1,2720
892,3,4807
893,2,1332
894,4,4561
895,4,4292
896,3,1806
897,3,3560
898,3,1773
899,,
900,3,503
901,3,1100
902,3,3314
903,,
904,3,3655
905,3,798
906,,
907,2,1946
908,3,1317
909,3,590
910,4,2853
911,2,2551
912,,
913,4,2321
914,3,3677
915,3,473
916,4,4189
917,5,530
918,,
919,3,802
920,3,3353
921,,
922,5,734
923,2,4666
924,3,907
925,5,3746
926,,
927,3,4811
928,4,1709
929,4,4181
930,5,3379
931,,
932,3,1565
933,,
934,2,4666
935,4,1295
936,3,294
937,3,564
938,,
939,4,4947
940,5,664
941,,
942,3,3498
943,3,4811
944,3,3437
945,,
946,3,4465
947,3,737
948,3,737
949,4,2729
950,3,3426
951,3,4872
952,,
953,,
954,4,2533
955,3,3061
956,5,1079
957,4,4947
958,,
959,4,4181
960,4,3996
961,4,277
962,2,775
963,5,2726
964,3,4296
965,3,4634
966,3,3973
967,3,4625
968,4,4568
969,2,891
970,,
971,2,2724
972,3,3293
973,3,503
974,2,1946
975,4,1864
976,3,1715
977,5,3746
978,5,1079
979,5,87
980,4,2125
981,6,2238
982,4,705
983,3,2346
984,4,4101
985,,
986,,
987,8,4416
988,3,2449
989,3,3677
990,3,294
991,,
992,4,3452
993,2,4666
994,4,3201
995,4,3328
996,3,2994
997,2,2724
998,3,3527
999,3,2670
1000,2,3536
1001,2,4659
1002,4,3382
1003,3,402
1004,3,4523
1005,2,4029
1006,3,2796
1007,,
1008,3,239
1009,4,4888
1010,4,3200
1011,5,2690
1012,,
1013,4,4700
1014,3,4811
1015,4,2147
1016,3,2436
1017,,
1018,4,4459
1019,4,2405
1020,4,4052
1021,4,4770
1022,4,854
1023,4,2440
1024,3,3959
1025,4,1876
1026,4,3796
1027,4,349
1028,4,389
1029,3,3426
1030,3,3293
1031,,
1032,4,3023
1033,,
1034,,
1035,2,4666
1036,4,2181
1037,3,2290
1038,2,4029
1039,3,1753
1040,,
1041,,
1042,4,4532
1043,3,1753
1044,4,854
1045,4,534
1046,3,4065
1047,3,3344
1048,2,509
1049,3,4811
1050,5,808
1051,3,2136
1052,4,3146
1053,5,1582
1054,4,3079
1055,4,797
1056,3,3552
1057,5,4929
1058,4,554
1059,3,4811
1060,3,699
1061,3,590
1062,3,1760
1063,4,2401
1064,3,1100
1065,3,3891
1066,3,2031
1067,3,2026
1068,4,1037
1069,3,4011
1070,4,2125
1071,4,2125
1072,3,3296
1073,5,1239
1074,4,2395
1075,,
1076,3,2414
1077,3,4811
1078,2,1946
1079,4,1819
1080,,
1081,3,53
1082,3,4065
1083,4,1293
1084,2,722
1085,1,2720
1086,3,1753
1087,4,589
1088,2,4029
1089,3,3293
1090,,
1091,4,589
1092,1,2720
1093,,
1094,5,1079
1095,3,2390
1096,3,3950
1097,2,2388
1098,3,4678
1099,4,378
1100,2,3246
1101,8,4416
1102,4,797
1103,3,4251
1104,6,1988
1105,6,4841
1106,4,2265
1107,2,2724
1108,3,3426
1109,4,277
1110,4,2007
1111,5,2860
1112,3,1715
1113,2,1360
1114,5,1834
1115,5,3396
1116,3,4225
1117,3,2870
1118,2,2551
1119,,
1120,3,143
1121,6,3625
1122,3,50
1123,4,1199
1124,5,4197
1125,3,4811
1126,4,474
1127,3,4296
1128,5,183
1129,2,4029
1130,3,3959
1131,3,566
1132,2,3246
1133,,
1134,3,3168
1135,3,3450
1136,3,573
1137,,
1138,1,2720
1139,3,4811
1140,5,334
1141,4,2934
1142,2,891
1143,3,3762
1144,,
1145,4,2401
1146,5,4402
1147,4,2561
1148,2,2157
1149,3,267
1150,4,651
1151,2,1092
1152,3,4296
1153,3,1300
1154,4,4532
1155,3,1753
1156,3,3477
1157,4,3328
1158,,
1159,2,2551
1160,,
1161,4,2492
1162,3,850
1163,7,1847
1164,4,1866
1165,4,2125
1166,3,590
1167,2,4029
1168,4,901
1169,3,4363
1170,3,3717
1171,3,2436
1172,,
1173,,
1174,3,4877
1175,4,1127
1176,2,4691
1177,5,2358
1178,5,4402
1179,8,4416
1180,3,1773
1181,3,4225
1182,3,4300
1183,3,3426
1184,3,1811
1185,3,4035
1186,2,4666
1187,,
1188,3,1550
1189,4,4907
1190,4,1690
1191,3,4383
1192,4,870
1193,7,2391
1194,4,4102
1195,5,1860
1196,4,2125
1197,3,2221
1198,5,1573
1199,3,4035
1200,2,4890
1201,5,1834
1202,,
1203,3,737
1204,4,2028
1205,,
1206,,
1207,4,1199
1208,4,865
1209,3,3831
1210,4,4844
1211,3,1940
1212,,
1213,5,3530
1214,4,2401
1215,4,4358
1216,4,4283
1217,3,503
1218,3,4071
1219,5,4074
1220,3,1940
1221,4,1152
1222,4,2021
1223,4,779
1224,,
1225,4,2631
1226,3,4811
1227,4,691
1228,6,4027
1229,,
1230,4,1232
1231,,
1232,3,4874
1233,,
1234,4,2561
1235,3,590
1236,,
1237,4,2899
1238,2,4659
1239,4,2053
1240,5,3526
1241,4,389
1242,3,469
1243,3,4856
1244,,
1245,3,4265
1246,2,3536
1247,3,4616
1248,5,481
1249,4,2769
1250,4,1184
1251,4,4466
1252,,
1253,4,2244
1254,4,3328
1255,3,3313
1256,,
1257,4,1587
1258,2,4659
1259,3,590
1260,3,3840
1261,3,3255
1262,3,590
1263,,
1264,5,1110
1265,,
1266,,
1267,3,1940
1268,3,2325
1269,,
1270,5,2864
1271,4,651
1272,4,2934
1273,4,729
1274,5,3782
1275,4,76
1276,4,4532
1277,3,4811
1278,4,1199
1279,4,2257
1280,4,2353
1281,,
1282,,
1283,,
1284,4,651
1285,3,3560
1286,3,1940
1287,4,2028
1288,3,3717
1289,2,4666
1290,4,3858
1291,5,3888
1292,5,1512
1293,3,3293
1294,3,1300
1295,3,3717
1296,4,1515
1297,2,1946
1298,3,1753
1299,4,2880
1300,2,509
1301,,
1302,,
1303,4,2373
1304,3,53
1305,3,4235
1306,3,590
1307,3,1572
1308,,
1309,,
1310,3,1107
1311,4,4682
1312,3,4325
1313,,
1314,4,106
1315,5,1010
1316,4,4466
1317,2,1138
1318,3,2026
1319,3,2728
1320,3,4811
1321,2,4659
1322,3,4634
1323,4,2028
1324,,
1325,3,1578
1326,4,1690
1327,3,2302
1328,3,4669
1329,3,3168
1330,3,2142
1331,2,2551
1332,1,2720
1333,2,4666
1334,3,4625
1335,,
1336,3,3717
1337,3,3717
1338,3,4811
1339,2,83
1340,2,4029
1341,3,3276
1342,4,2621
1343,3,4811
1344,3,4808
1345,3,3340
1346,4,1388
1347,3,564
1348,3,3786
1349,3,2136
1350,3,1200
1351,,
1352,4,3146
1353,3,294
1354,4,943
1355,4,4458
1356,4,705
1357,4,2440
1358,4,3604
1359,4,217
1360,1,2720
1361,3,4024
1362,,
1363,,
1364,3,4634
1365,4,2639
1366,2,2747
1367,3,573
1368,3,402
1369,4,1046
1370,4,4292
1371,,
1372,3,4427
1373,,
1374,3,4811
1375,,
1376,3,267
1377,2,4659
1378,3,2449
1379,,
1380,2,4029
1381,3,4475
1382,3,3498
1383,3,464
1384,4,1051
1385,3,3959
1386,3,3061
1387,2,1890
1388,3,3344
1389,4,4907
1390,5,1512
1391,2,4691
1392,5,1010
1393,3,1516
1394,4,2360
1395,,
1396,3,1572
1397,3,503
1398,,
1399,4,2405
1400,3,4616
1401,3,1940
1402,4,2128
1403,3,4811
1404,4,2100
1405,4,2100
1406,,
1407,5,1280
1408,4,22
1409,3,4811
1410,4,2365
1411,3,2751
1412,3,4922
1413,,
1414,5,4765
1415,5,3953
1416,3,737
1417,3,4093
1418,3,3676
1419,,
1420,,
1421,4,4628
1422,2,4666
1423,4,1813
1424,6,4854
1425,4,3768
1426,4,589
1427,4,2533
1428,3,4093
1429,2,2747
1430,3,3717
1431,4,2669
1432,3,2915
1433,4,1932
1434,4,3008
1435,,
1436,4,3146
1437,3,4475
1438,4,3185
1439,3,3564
1440,4,1439
1441,3,4669
1442,4,1861
1443,4,2147
1444,4,4052
1445,3,1048
1446,6,2145
1447,3,3823
1448,,
1449,4,4193
1450,3,4035
1451,4,2631
1452,5,1280
1453,5,4451
1454,2,1946
1455,3,3882
1456,5,4402
1457,3,4071
1458,3,1572
1459,4,1037
1460,1,2720
1461,5,4446
1462,4,3768
1463,3,4811
1464,3,2640
1465,4,1876
1466,3,3973
1467,,
1468,4,2839
1469,3,2136
1470,4,2440
1471,3,4093
1472,3,4811
1473,4,16
1474,3,3560
1475,3,2892
1476,3,4903
1477,4,1330
1478,3,4177
1479,3,2647
1480,4,507
1481,3,2179
1482,2,4029
1483,4,3768
1484,,
1485,,
1486,,
1487,3,1129
1488,2,775
1489,3,53
1490,,
1491,3,2449
1492,4,4700
1493,3,4811
1494,6,3834
1495,3,3552
1496,3,4071
1497,5,995
1498,5,2457
1499,6,1453
1500,,
1501,,
1502,4,2069
1503,2,4029
1504,3,4753
1505,5,1239
1506,3,1773
1507,2,1518
1508,,
1509,3,3950
1510,3,2956
1511,4,4163
1512,4,324
1513,6,4676
1514,,
1515,3,1940
1516,2,775
1517,4,4844
1518,1,2720
1519,4,3768
1520,4,3844
1521,3,2816
1522,3,1572
1523,3,4475
1524,5,846
1525,3,2221
1526,,
1527,7,981
1528,4,943
1529,3,566
1530,,
1531,,
1532,4,589
1533,4,3350
1534,3,2437
1535,,
1536,3,267
1537,4,1125
1538,3,50
1539,,
1540,4,2125
1541,,
1542,2,4691
1543,4,432
1544,4,2440
1545,3,2749
1546,3,4093
1547,4,378
1548,3,4702
1549,3,4438
1550,2,4691
1551,3,4340
1552,4,2979
1553,,
1554,3,2449
1555,3,1258
1556,3,4858
1557,4,2028
1558,4,4052
1559,1,2720
1560,1,2720
1561,3,267
1562,4,791
1563,4,3388
1564,5,2690
1565,2,83
1566,4,2563
1567,2,2551
1568,5,2897
1569,4,691
1570,5,1110
1571,,
1572,2,4659
1573,4,3954
1574,3,3859
1575,3,4678
1576,3,4811
1577,3,4856
1578,2,2388
1579,4,1152
1580,3,4281
1581,3,50
1582,4,4685
1583,4,2015
1584,4,2672
1585,3,2142
1586,4,431
1587,3,3717
1588,4,3513
1589,2,509
1590,4,349
1591,2,2551
1592,3,3340
1593,,
1594,2,4666
1595,4,2769
1596,,
1597,3,3959
1598,3,3717
1599,4,1125
1600,3,4222
1601,4,2769
1602,4,4568
1603,3,4024
1604,4,1181
1605,5,4074
1606,,
1607,3,4465
1608,4,324
1609,4,3768
1610,3,4811
1611,4,1336
1612,5,4929
1613,3,1100
1614,,
1615,3,1129
1616,4,4293
1617,4,324
1618,5,1573
1619,4,3798
1620,4,870
1621,4,1938
1622,2,4659
1623,4,4379
1624,3,4034
1625,3,2136
1626,4,2440
1627,,
1628,3,3293
1629,4,2181
1630,3,4296
1631,6,886
1632,,
1633,7,610
1634,3,4811
1635,3,4625
1636,3,2192
1637,,
1638,6,2986
1639,3,4858
1640,4,3825
1641,6,3937
1642,4,726
1643,4,3798
1644,4,3200
1645,3,2179
1646,3,4296
1647,3,3255
1648,5,1512
1649,3,3177
1650,4,4507
1651,3,2154
1652,3,3786
1653,,
1654,6,593
1655,,
1656,4,3775
1657,4,3623
1658,2,1946
1659,4,431
1660,5,2415
1661,3,2816
1662,3,1838
1663,2,3613
1664,5,3184
1665,5,831
1666,4,4907
1667,4,2987
1668,3,1088
1669,4,3060
1670,,
1671,3,3293
1672,4,1576
1673,,
1674,3,4296
1675,4,4207
1676,3,4748
1677,3,805
1678,4,2979
1679,,
1680,3,3762
1681,2,2724
1682,4,2438
1683,,
1684,,
1685,7,610
1686,2,722
1687,2,1946
1688,,
1689,3,386
1690,3,3293
1691,3,1113
1692,4,2373
1693,3,4035
1694,3,3950
1695,3,2287
1696,,
1697,4,3306
1698,3,3527
1699,2,1518
1700,,
1701,3,4807
1702,4,4052
1703,3,3065
1704,,
1705,3,384
1706,4,2669
1707,5,994
1708,4,3857
1709,3,232
1710,3,1994
1711,5,4135
1712,4,4097
1713,,
1714,4,1350
1715,2,509
1716,,
1717,3,2449
1718,,
1719,3,291
1720,4,292
1721,,
1722,3,2136
1723,3,2397
1724,,
1725,3,3340
1726,3,573
1727,3,2796
1728,,
1729,5,3640
1730,2,2388
1731,,
1732,4,1636
1733,3,4093
1734,3,1885
1735,4,1417
1736,5,4621
1737,4,729
1738,,
1739,3,3717
1740,4,3936
1741,5,4197
1742,4,1636
1743,5,4621
1744,5,994
1745,,
1746,3,2039
1747,4,1813
1748,2,83
1749,3,460
1750,4,1336
1751,,
1752,,
1753,2,83
1754,4,2125
1755,3,4811
1756,3,609
1757,5,4402
1758,2,1138
1759,,
1760,2,1518
1761,4,399
1762,3,4811
1763,4,651
1764,4,3373
1765,3,3854
1766,4,2839
1767,,
1768,2,4666
1769,4,865
1770,4,1693
1771,4,2855
1772,3,4093
1773,2,4029
1774,4,3291
1775,6,2273
1776,3,3065
1777,4,726
1778,5,4074
1779,3,1317
1780,4,3768
1781,3,2552
1782,4,3881
1783,,
1784,2,3246
1785,3,2449
1786,3,720
1787,3,2771
1788,5,1582
1789,4,2254
1790,3,556
1791,4,2028
1792,3,1366
1793,3,2188
1794,,
1795,,
1796,4,389
1797,4,1866
1798,3,2290
1799,2,463
1800,3,3344
1801,4,3849
1802,2,4659
1803,2,775
1804,,
1805,,
1806,2,509
1807,5,4851
1808,4,2729
1809,3,2976
1810,,
1811,2,4659
1812,4,4720
1813,3,4296
1814,4,1350
1815,4,3954
1816,4,1277
1817,3,720
1818,3,4475
1819,3,805
1820,4,2492
1821,3,2647
1822,3,1940
1823,3,4325
1824,4,4052
1825,4,3367
1826,4,4507
1827,,
1828,,
1829,4,3073
1830,,
1831,5,4556
1832,3,1200
1833,4,748
1834,4,2015
1835,4,4113
1836,,
1837,3,3560
1838,2,4659
1839,,
1840,3,4296
1841,3,2136
1842,4,431
1843,4,1779
1844,4,3793
1845,4,292
1846,5,2415
1847,6,210
1848,4,2342
1849,4,3224
1850,,
1851,,
1852,4,2321
1853,4,416
1854,,
1855,5,266
1856,2,2551
1857,3,1317
1858,3,3293
1859,3,2702
1860,4,3660
1861,3,850
1862,4,3881
1863,,
1864,3,2664
1865,3,4877
1866,3,3786
1867,3,1760
1868,5,2150
1869,,
1870,4,76
1871,4,1779
1872,,
1873,2,1559
1874,3,2956
1875,2,1360
1876,3,4296
1877,4,394
1878,3,3823
1879,3,4811
1880,2,1559
1881,4,271
1882,3,2915
1883,3,2188
1884,2,463
1885,2,2388
1886,,
1887,,
1888,4,1262
1889,2,463
1890,1,2720
1891,,
1892,4,2953
1893,4,3924
1894,5,2130
1895,3,3276
1896,3,232
1897,3,3786
1898,4,2015
1899,4,1866
1900,3,2346
1901,4,1386
1902,,
1903,,
1904,,
1905,,
1906,3,3869
1907,4,431
1908,5,490
1909,5,2717
1910,3,3314
1911,3,3293
1912,7,1105
1913,3,1100
1914,3,566
1915,4,3938
1916,3,805
1917,3,2031
1918,3,4858
1919,4,1693
1920,,
1921,4,3471
1922,3,3823
1923,5,3862
1924,5,2726
1925,4,1004
1926,3,3560
1927,4,1268
1928,2,1946
1929,3,469
1930,3,4071
1931,3,2236
1932,3,4071
1933,4,854
1934,4,2857
1935,3,850
1936,3,50
1937,3,1572
1938,3,53
1939,,
1940,2,83
1941,3,4296
1942,4,1874
1943,,
1944,5,1359
1945,3,3426
1946,1,2720
1947,4,2934
1948,3,4523
1949,4,854
1950,3,402
1951,3,1238
1952,5,4607
1953,4,3185
1954,3,1454
1955,4,4685
1956,4,2007
1957,3,1572
1958,3,3717
1959,4,2173
1960,8,4416
1961,2,4659
1962,,
1963,3,4176
1964,4,2395
1965,3,1753
1966,5,183
1967,4,1152
1968,4,3952
1969,4,4947
1970,4,1587
1971,4,1719
1972,3,2816
1973,3,3891
1974,,
1975,2,1092
1976,3,1715
1977,,
1978,5,1280
1979,,
1980,4,619
1981,3,294
1982,5,4658
1983,,
1984,,
1985,3,3959
1986,3,934
1987,3,50
1988,5,1843
1989,,
1990,4,1268
1991,3,4874
1992,4,1306
1993,4,2987
1994,2,891
1995,3,648
1996,4,2769
1997,5,4929
1998,3,4199
1999,2,2724
2000,,
2001,2,1946
2002,3,1856
2003,3,267
2004,6,3937
2005,3,2670
2006,3,2436
2007,3,3293
2008,5,2544
2009,4,3350
2010,3,2796
2011,3,2039
2012,3,2702
2013,2,3246
2014,3,2892
2015,3,1317
2016,4,779
2017,,
2018,4,2628
2019,4,1733
2020,2,2551
2021,3,4634
2022,4,797
2023,2,3246
2024,3,4296
2025,,
2026,2,1946
2027,3,566
2028,3,4071
2029,4,3328
2030,4,4700
2031,2,4029
2032,4,1199
2033,,
2034,2,463
2035,4,2919
2036,4,399
2037,4,3540
2038,,
2039,2,463
2040,3,3823
2041,,
2042,2,509
2043,3,3230
2044,4,4507
2045,3,2749
2046,2,1946
2047,4,2459
2048,3,4065
2049,,
2050,4,3798
2051,3,934
2052,4,1813
2053,3,1200
2054,4,3956
2055,4,4052
2056,4,204
2057,3,3155
2058,3,267
2059,3,3105
2060,,
2061,5,807
2062,4,3146
2063,3,4955
2064,5,3184
2065,3,4941
2066,,
2067,3,3340
2068,4,4568
2069,3,2039
2070,4,4947
2071,4,2880
2072,4,1383
2073,5,4054
2074,5,75
2075,,
2076,2,2388
2077,,
2078,3,1773
2079,3,2436
2080,4,1322
2081,,
2082,5,3474
2083,4,204
2084,2,2551
2085,2,1085
2086,4,760
2087,4,810
2088,4,3013
2089,2,722
2090,3,2994
2091,3,653
2092,3,737
2093,,
2094,3,3245
2095,4,1587
2096,2,1138
2097,4,2311
2098,3,460
2099,3,2771
2100,3,2796
2101,2,722
2102,5,4451
2103,1,2720
2104,3,2640
2105,3,805
2106,2,3613
2107,4,1277
2108,4,651
2109,4,3660
2110,4,2028
2111,7,1105
2112,4,3796
2113,5,1573
2114,,
2115,3,2335
2116,3,4860
2117,5,3991
2118,2,4029
2119,,
2120,4,1037
2121,3,648
2122,,
2123,5,3939
2124,4,1916
2125,3,2813
2126,4,1916
2127,3,1387
2128,3,4427
2129,4,76
2130,4,3185
2131,,
2132,4,589
2133,2,4659
2134,3,3823
2135,4,2094
2136,2,2747
2137,,
2138,4,1948
2139,3,2101
2140,3,882
2141,3,2436
2142,2,1946
2143,3,3823
2144,3,4225
2145,5,3086
2146,,
2147,3,1975
2148,,
2149,3,3655
2150,4,2440
2151,3,3316
2152,2,509
2153,3,402
2154,2,2551
2155,3,4948
2156,4,55
2157,1,2720
2158,3,4011
2159,3,1113
2160,3,590
2161,,
2162,2,2747
2163,3,3334
2164,4,3800
2165,6,3383
2166,,
2167,4,4439
2168,3,2384
2169,3,3552
2170,3,3677
2171,3,1880
2172,3,4071
2173,3,1589
2174,3,4363
2175,4,3674
2176,4,3800
2177,3,696
2178,3,4616
2179,2,1138
2180,3,3717
2181,3,1200
2182,,
2183,2,775
2184,5,4451
2185,2,463
2186,,
2187,,
2188,2,4029
2189,3,4753
2190,4,3328
2191,4,2091
2192,2,1332
2193,2,775
2194,3,805
2195,,
2196,,
2197,4,4632
2198,,
2199,3,1129
2200,,
2201,,
2202,4,3796
2203,3,1129
2204,4,3350
2205,3,2449
2206,,
2207,6,2240
2208,3,882
2209,3,3677
2210,3,590
2211,3,401
2212,,
2213,4,195
2214,4,4200
2215,3,3340
2216,3,566
2217,4,1610
2218,3,2858
2219,3,3896
2220,3,725
2221,2,4029
2222,,
2223,3,3477
2224,5,1280
2225,4,651
2226,,
2227,3,590
2228,,
2229,4,691
2230,3,4296
2231,,
2232,6,4676
2233,5,994
2234,3,3564
2235,3,294
2236,2,4691
2237,3,1048
2238,5,1764
2239,6,593
2240,5,995
2241,4,2440
2242,4,30
2243,3,4024
2244,3,1148
2245,,
2246,,
2247,,
2248,,
2249,3,3065
2250,4,2444
2251,,
2252,4,589
2253,5,2897
2254,3,3552
2255,4,797
2256,3,2436
2257,3,4811
2258,,
2259,3,2390
2260,,
2261,4,1932
2262,2,4666
2263,3,3786
2264,5,1359
2265,3,1317
2266,3,1768
2267,4,726
2268,3,1567
2269,3,3786
2270,4,651
2271,3,2728
2272,3,3293
2273,5,1764
2274,5,1860
2275,3,4222
2276,5,1280
2277,3,4858
2278,3,491
2279,4,4947
2280,2,4890
2281,4,2610
2282,4,2440
2283,3,3293
2284,3,4860
2285,4,1554
2286,3,4221
2287,2,3246
2288,5,1359
2289,5,2358
2290,2,4029
2291,3,4634
2292,,
2293,,
2294,3,4024
2295,,
2296,3,737
2297,3,1940
2298,,
2299,3,50
2300,2,83
2301,2,722
2302,2,4890
2303,2,4029
2304,5,4658
2305,2,891
2306,3,4808
2307,2,1518
2308,4,693
2309,3,3340
2310,2,1085
2311,3,4225
2312,4,2855
2313,4,3736
2314,4,3936
2315,3,653
2316,4,3635
2317,,
2318,7,610
2319,,
2320,3,1567
2321,3,261
2322,3,4296
2323,4,2438
2324,3,1999
2325,2,4029
2326,4,2371
2327,3,1129
2328,2,1946
2329,3,2136
2330,4,2321
2331,3,3314
2332,4,1381
2333,2,4659
2334,3,2833
2335,2,4666
2336,3,503
2337,3,1246
2338,3,3314
2339,3,2290
2340,4,4770
2341,3,1572
2342,3,2039
2343,2,1946
2344,4,3507
2345,4,3540
2346,2,1138
2347,4,2028
2348,,
2349,,
2350,3,1107
2351,3,1940
2352,3,1567
2353,3,460
2354,4,661
2355,4,2701
2356,,
2357,6,3834
2358,4,270
2359,3,1565
2360,3,267
2361,3,4063
2362,2,1360
2363,4,271
2364,4,3863
2365,3,3854
2366,3,3255
2367,2,4666
2368,4,3062
2369,3,4071
2370,3,2039
2371,3,4811
2372,4,4792
2373,3,267
2374,2,1946
2375,3,725
2376,6,4206
2377,3,3340
2378,4,2365
2379,4,1286
2380,3,2749
2381,4,1350
2382,,
2383,4,1037
2384,2,4029
2385,,
2386,,
2387,3,4910
2388,1,2720
2389,6,3625
2390,2,83
2391,6,535
2392,,
2393,3,1940
2394,5,3953
2395,3,1715
2396,3,3959
2397,2,2551
2398,3,1567
2399,4,2839
2400,4,3400
2401,3,1238
2402,3,3786
2403,4,1798
2404,3,3065
2405,3,2188
2406,4,3641
2407,2,4666
2408,,
2409,,
2410,,
2411,3,4363
2412,4,3328
2413,3,3959
2414,2,1085
2415,4,2857
2416,,
2417,4,416
2418,3,50
2419,4,158
2420,3,4325
2421,4,4751
2422,4,1866
2423,3,4808
2424,3,3655
2425,4,4283
2426,2,2724
2427,4,589
2428,,
2429,5,3862
2430,3,4296
2431,,
2432,3,3973
2433,8,1193
2434,3,4811
2435,3,1078
2436,2,775
2437,2,1890
2438,3,2328
2439,,
2440,3,4296
2441,3,3105
2442,4,3881
2443,4,474
2444,3,923
2445,4,2181
2446,5,2909
2447,6,2274
2448,3,2973
2449,2,1138
2450,3,737
2451,5,3526
2452,4,3635
2453,3,720
2454,5,3640
2455,3,4123
2456,5,87
2457,4,2336
2458,3,469
2459,3,1366
2460,3,2437
2461,4,16
2462,3,3256
2463,2,4029
2464,4,2342
2465,,
2466,,
2467,3,3676
2468,4,1574
2469,,
2470,3,4093
2471,,
2472,3,1753
2473,3,608
2474,2,4029
2475,3,267
2476,3,1129
2477,4,4907
2478,4,177
2479,4,2230
2480,4,1439
2481,,
2482,4,2509
2483,4,2440
2484,3,1753
2485,4,3956
2486,3,1994
2487,3,699
2488,3,2436
2489,4,726
2490,5,309
2491,,
2492,3,4811
2493,3,1940
2494,4,4685
2495,2,1085
2496,5,2726
2497,4,4172
2498,3,3313
2499,,
2500,,
2501,3,3450
2502,3,1880
2503,3,4296
2504,4,651
2505,3,4065
2506,3,3655
2507,4,4433
2508,4,204
2509,3,2771
2510,4,523
2511,3,4753
2512,4,4052
2513,4,1318
2514,,
2515,,
2516,2,2388
2517,,
2518,3,3293
2519,4,507
2520,3,4910
2521,3,4296
2522,3,4071
2523,3,1565
2524,4,4720
2525,3,4300
2526,,
2527,5,3862
2528,3,3552
2529,2,1085
2530,3,4748
2531,3,2325
2532,4,2839
2533,3,4235
2534,5,4074
2535,3,1940
2536,3,3717
2537,4,2759
2538,4,1318
2539,3,699
2540,,
2541,3,3959
2542,4,2440
2543,3,2437
2544,4,1496
2545,,
2546,3,2647
2547,3,4093
2548,,
2549,6,4676
2550,2,509
2551,1,2720
2552,2,509
2553,,
2554,3,267
2555,3,1699
2556,3,4858
2557,3,3560
2558,2,4659
2559,4,2621
2560,4,2028
2561,3,3717
2562,4,16
2563,3,1565
2564,3,4225
2565,3,2449
2566,4,3941
2567,3,1387
2568,3,3314
2569,3,4363
2570,3,911
2571,2,4029
2572,4,4052
2573,5,87
2574,3,4948
2575,,
2576,4,2271
2577,3,2870
2578,2,4029
2579,3,1940
2580,4,4536
2581,4,4163
2582,3,4035
2583,6,4206
2584,4,943
2585,8,4416
2586,4,55
2587,,
2588,4,757
2589,,
2590,,
2591,3,1238
2592,,
2593,,
2594,2,1085
2595,,
2596,,
2597,,
2598,4,2979
2599,3,1753
2600,3,4350
2601,3,3527
2602,4,2561
2603,5,2717
2604,3,2436
2605,3,503
2606,3,4296
2607,4,3853
2608,,
2609,,
2610,3,3950
2611,5,3493
2612,,
2613,,
2614,4,474
2615,4,4820
2616,3,564
2617,3,3560
2618,2,3246
2619,3,4753
2620,3,267
2621,3,1753
2622,3,1113
2623,4,1781
2624,,
2625,4,3073
2626,3,2085
2627,3,3414
2628,3,1238
2629,3,2892
2630,5,4612
2631,3,267
2632,4,4358
2633,3,3717
2634,3,4475
2635,2,4029
2636,2,1946
2637,4,4368
2638,,
2639,3,2796
2640,2,1946
2641,,
2642,1,2720
2643,6,210
2644,3,294
2645,5,4848
2646,2,3613
2647,2,83
2648,3,3313
2649,3,143
2650,,
2651,5,172
2652,3,4874
2653,5,3417
2654,2,2103
2655,4,1823
2656,2,4666
2657,,
2658,3,4427
2659,5,1824
2660,5,4848
2661,5,4074
2662,4,360
2663,4,324
2664,2,1138
2665,3,3344
2666,4,1060
2667,3,4475
2668,4,2839
2669,3,267
2670,2,1518
2671,4,4290
2672,3,720
2673,2,775
2674,4,2373
2675,5,1608
2676,2,775
2677,3,1730
2678,4,1580
2679,4,3224
2680,2,463
2681,2,3246
2682,2,4659
2683,2,4659
2684,4,810
2685,3,4438
2686,2,4666
2687,4,1798
2688,,
2689,4,1841
2690,4,2147
2691,6,886
2692,4,4685
2693,5,3052
2694,2,2157
2695,4,4036
2696,3,737
2697,4,2125
2698,4,793
2699,3,3340
2700,3,4678
2701,3,3717
2702,2,1360
2703,,
2704,5,2130
2705,3,4011
2706,,
2707,4,360
2708,3,2031
2709,4,1840
2710,5,846
2711,6,4027
2712,3,3385
2713,4,3800
2714,5,410
2715,,
2716,,
2717,4,793
2718,4,3756
2719,2,2551
2720,0,2720
2721,3,4616
2722,,
2723,4,3165
2724,1,2720
2725,3,720
2726,4,4719
2727,,
2728,2,1085
2729,3,1107
2730,4,1439
2731,4,3698
2732,4,2405
2733,,
2734,,
2735,3,971
2736,3,52
2737,2,2388
2738,4,2091
2739,3,247
2740,3,3552
2741,,
2742,4,3355
2743,4,399
2744,4,1987
2745,,
2746,3,4011
2747,1,2720
2748,3,4325
2749,2,1946
2750,4,967
2751,2,4666
2752,,
2753,3,969
2754,4,3185
2755,4,1268
2756,3,1940
2757,6,3190
2758,4,431
2759,3,2221
2760,,
2761,3,971
2762,,
2763,4,4013
2764,3,4465
2765,4,2729
2766,4,4704
2767,3,4071
2768,,
2769,3,696
2770,,
2771,2,1092
2772,4,955
2773,2,3613
2774,4,3849
2775,,
2776,3,3276
2777,3,3313
2778,,
2779,,
2780,3,4872
2781,4,204
2782,5,3417
2783,2,1085
2784,,
2785,5,3526
2786,3,4613
2787,3,4065
2788,3,1129
2789,4,4113
2790,5,1955
2791,4,3996
2792,4,587
2793,3,1200
2794,5,2457
2795,,
2796,2,4890
2797,3,4523
2798,3,1100
2799,2,775
2800,3,2463
2801,6,3190
2802,3,2436
2803,5,2860
2804,3,4241
2805,3,4910
2806,3,1567
2807,4,4062
2808,,
2809,3,850
2810,3,4296
2811,6,2145
2812,5,664
2813,2,463
2814,3,1366
2815,3,3560
2816,2,2724
2817,3,2552
2818,4,3013
2819,3,2915
2820,4,2729
2821,3,4481
2822,5,3746
2823,,
2824,5,2130
2825,,
2826,3,4225
2827,4,2509
2828,3,2236
2829,,
2830,3,2026
2831,3,644
2832,3,4251
2833,2,3246
2834,3,3959
2835,3,4035
2836,4,2069
2837,5,846
2838,6,3937
2839,3,3293
2840,3,564
2841,,
2842,3,3959
2843,4,3674
2844,,
2845,3,3676
2846,3,798
2847,6,4764
2848,,
2849,,
2850,2,3246
2851,3,1940
2852,4,4368
2853,3,3717
2854,4,726
2855,3,4910
2856,4,2028
2857,3,1317
2858,2,3613
2859,3,2142
2860,4,1286
2861,4,3507
2862,4,726
2863,6,2394
2864,4,705
2865,3,1107
2866,4,796
2867,,
2868,,
2869,,
2870,2,1559
2871,4,4341
2872,4,4820
2873,5,808
2874,4,3698
2875,,
2876,4,3008
2877,4,4193
2878,4,1693
2879,4,1493
2880,3,3414
2881,3,2682
2882,4,2336
2883,8,1193
2884,3,2796
2885,5,1223
2886,,
2887,5,4929
2888,4,3328
2889,3,3426
2890,4,3400
2891,4,507
2892,2,4029
2893,,
2894,,
2895,4,651
2896,4,4700
2897,4,1938
2898,5,4575
2899,3,4296
2900,,
2901,5,2308
2902,,
2903,5,1573
2904,3,720
2905,3,2236
2906,3,2680
2907,3,267
2908,2,4691
2909,4,4102
2910,,
2911,3,503
2912,4,1709
2913,4,2098
2914,,
2915,2,2551
2916,3,857
2917,,
2918,,
2919,3,239
2920,,
2921,3,3717
2922,,
2923,3,4811
2924,2,2551
2925,4,2159
2926,4,4532
2927,4,2831
2928,2,4029
2929,3,731
2930,,
2931,,
2932,,
2933,3,3022
2934,3,4811
2935,2,4691
2936,3,294
2937,2,4691
2938,,
2939,3,3313
2940,4,2405
2941,3,3959
2942,,
2943,4,3349
2944,4,796
2945,3,720
2946,4,1733
2947,3,1107
2948,3,4523
2949,3,597
2950,3,2290
2951,4,3936
2952,,
2953,3,3859
2954,4,2028
2955,4,1630
2956,2,4029
2957,3,3959
2958,2,4659
2959,4,1199
2960,2,4029
2961,4,2599
2962,3,2325
2963,3,2031
2964,3,4225
2965,2,1085
2966,2,4029
2967,4,2125
2968,,
2969,2,775
2970,5,2358
2971,5,4073
2972,3,3552
2973,2,472
2974,3,1572
2975,4,865
2976,2,4029
2977,5,935
2978,4,1062
2979,3,2136
2980,5,4074
2981,4,4181
2982,3,3314
2983,4,4341
2984,4,1916
2985,3,4465
2986,5,2261
2987,3,503
2988,3,2335
2989,3,291
2990,5,2723
2991,3,53
2992,,
2993,4,2321
2994,2,4666
2995,2,4666
2996,3,3414
2997,2,4029
2998,3,3950
2999,,
3000,4,796
3001,3,4296
3002,5,4446
3003,3,503
3004,2,2747
3005,3,3655
3006,4,3185
3007,3,261
3008,3,1940
3009,4,3350
3010,3,2154
3011,,
3012,5,4451
3013,3,3959
3014,,
3015,4,4113
3016,5,3086
3017,4,1152
3018,3,4438
3019,,
3020,5,2909
3021,,
3022,2,1946
3023,3,4024
3024,4,4947
3025,3,590
3026,,
3027,,
3028,3,4296
3029,4,3060
3030,4,3211
3031,3,2136
3032,3,2188
3033,3,4753
3034,,
3035,5,4575
3036,3,1753
3037,4,865
3038,,
3039,3,3717
3040,3,4241
3041,5,807
3042,3,1975
3043,5,356
3044,3,2966
3045,4,2440
3046,3,1567
3047,,
3048,4,4380
3049,4,4113
3050,4,3796
3051,4,2911
3052,4,3328
3053,4,3153
3054,4,2359
3055,3,2796
3056,3,4465
3057,3,3552
3058,3,2303
3059,4,2492
3060,3,3786
3061,2,509
3062,3,590
3063,2,4659
3064,3,4465
3065,2,4666
3066,4,2533
3067,4,2263
3068,4,651
3069,3,3414
3070,,
3071,3,4035
3072,5,3493
3073,3,4874
3074,,
3075,4,204
3076,3,3296
3077,3,464
3078,,
3079,3,2367
3080,,
3081,5,1223
3082,3,401
3083,,
3084,3,4094
3085,3,4350
3086,4,2321
3087,2,1360
3088,4,803
3089,3,4523
3090,4,4947
3091,3,1589
3092,4,2263
3093,3,2437
3094,5,356
3095,,
3096,4,3996
3097,2,1360
3098,3,261
3099,3,4475
3100,3,4874
3101,4,1991
3102,4,1152
3103,,
3104,2,509
3105,2,2388
3106,3,4811
3107,5,3379
3108,,
3109,4,3211
3110,5,307
3111,6,4027
3112,4,2028
3113,3,3786
3114,3,4651
3115,5,2130
3116,5,4607
3117,7,1105
3118,8,4416
3119,3,1572
3120,3,3293
3121,3,294
3122,,
3123,,
3124,4,1610
3125,5,2457
3126,4,4097
3127,3,2118
3128,3,1550
3129,4,3185
3130,,
3131,3,1773
3132,4,2759
3133,4,854
3134,4,4163
3135,3,2640
3136,4,1152
3137,7,2357
3138,3,725
3139,3,1129
3140,4,2857
3141,3,4465
3142,,
3143,4,4704
3144,,
3145,4,2094
3146,3,1940
3147,4,3800
3148,,
3149,,
3150,,
3151,6,593
3152,5,4197
3153,3,850
3154,4,1693
3155,2,775
3156,4,3881
3157,,
3158,6,3689
3159,5,3640
3160,5,3746
3161,,
3162,3,4024
3163,3,4811
3164,4,4101
3165,3,644
3166,3,2039
3167,,
3168,2,2157
3169,4,1294
3170,3,3293
3171,4,4341
3172,3,4465
3173,,
3174,3,3840
3175,4,2787
3176,5,2308
3177,2,722
3178,,
3179,4,4064
3180,5,3862
3181,,
3182,4,3768
3183,3,4910
3184,4,705
3185,3,4035
3186,4,3253
3187,6,4764
3188,3,267
3189,3,2449
3190,5,1141
3191,4,651
3192,4,2987
3193,4,1866
3194,3,566
3195,3,1238
3196,4,4561
3197,3,2966
3198,3,4296
3199,3,3861
3200,3,2449
3201,3,3549
3202,3,2290
3203,4,589
3204,4,4629
3205,3,4035
3206,3,1107
3207,4,1610
3208,,
3209,4,2839
3210,4,1577
3211,3,3786
3212,,
3213,3,4035
3214,4,1813
3215,2,2388
3216,4,204
3217,2,2724
3218,5,3417
3219,5,481
3220,,
3221,,
3222,3,1129
3223,3,2346
3224,3,1730
3225,2,2724
3226,6,4841
3227,4,3185
3228,3,4214
3229,6,2986
3230,2,1946
3231,3,2647
3232,3,401
3233,4,3936
3234,3,2995
3235,3,2773
3236,2,4691
3237,,
3238,4,4632
3239,4,4454
3240,3,798
3241,5,2723
3242,4,1489
3243,3,2039
3244,3,4625
3245,2,509
3246,1,2720
3247,4,3996
3248,,
3249,3,229
3250,3,3414
3251,4,2561
3252,3,4651
3253,3,230
3254,3,2290
3255,2,83
3256,2,3536
3257,3,267
3258,6,2611
3259,4,4113
3260,3,4251
3261,4,3768
3262,4,2440
3263,5,3530
3264,5,4919
3265,3,2335
3266,2,4666
3267,3,3414
3268,4,324
3269,5,4707
3270,,
3271,4,4292
3272,3,1565
3273,4,1181
3274,3,2096
3275,4,3373
3276,2,3246
3277,,
3278,,
3279,4,3798
3280,,
3281,3,3414
3282,6,4854
3283,4,2631
3284,4,2173
3285,2,509
3286,,
3287,4,2672
3288,2,4666
3289,3,4050
3290,4,4290
3291,3,464
3292,4,1756
3293,2,1560
3294,4,3350
3295,4,1981
3296,2,83
3297,4,2629
3298,,
3299,4,4120
3300,2,2388
3301,3,2680
3302,5,1010
3303,4,4200
3304,5,1659
3305,3,3276
3306,3,4350
3307,3,2136
3308,5,309
3309,,
3310,4,2839
3311,4,3350
3312,5,4054
3313,2,4029
3314,2,83
3315,3,2436
3316,2,4659
3317,3,230
3318,,
3319,3,3276
3320,5,2723
3321,4,3079
3322,2,1946
3323,2,1085
3324,3,1176
3325,3,3340
3326,4,3367
3327,,
3328,3,4296
3329,4,2053
3330,4,3756
3331,4,1693
3332,3,2302
3333,4,2360
3334,2,4666
3335,4,4466
3336,4,1152
3337,3,4222
3338,4,204
3339,3,1176
3340,2,2747
3341,3,1885
3342,4,619
3343,5,3917
3344,2,2551
3345,4,2880
3346,2,1946
3347,4,3768
3348,3,1753
3349,3,4296
3350,3,798
3351,3,4856
3352,,
3353,2,83
3354,4,3941
3355,3,4872
3356,2,4029
3357,3,3313
3358,,
3359,,
3360,3,4024
3361,2,1946
3362,4,4113
3363,2,83
3364,,
3365,3,1567
3366,3,1113
3367,3,1129
3368,4,2159
3369,2,1946
3370,3,3717
3371,3,737
3372,3,3340
3373,3,2039
3374,3,2749
3375,3,3498
3376,4,2440
3377,3,3296
3378,2,775
3379,4,2257
3380,,
3381,4,3660
3382,3,2437
3383,5,183
3384,,
3385,2,2388
3386,4,2079
3387,,
3388,3,4922
3389,3,3255
3390,3,1799
3391,4,1587
3392,,
3393,3,1773
3394,3,1000
3395,,
3396,4,2492
3397,3,402
3398,4,4459
3399,4,1981
3400,3,2680
3401,4,1469
3402,4,2021
3403,,
3404,4,324
3405,4,2360
3406,3,850
3407,7,981
3408,4,1318
3409,5,3640
3410,2,2724
3411,4,1060
3412,,
3413,3,401
3414,2,83
3415,3,4858
3416,4,3727
3417,4,1694
3418,3,2771
3419,3,3823
3420,,
3421,3,3255
3422,,
3423,4,2373
3424,3,1366
3425,4,3858
3426,2,3246
3427,3,4296
3428,,
3429,3,4241
3430,5,4556
3431,4,796
3432,3,1940
3433,3,3959
3434,3,590
3435,2,2157
3436,,
3437,2,3536
3438,3,2236
3439,3,1999
3440,,
3441,5,1010
3442,2,83
3443,,
3444,4,2353
3445,3,4065
3446,5,1299
3447,5,1141
3448,3,2796
3449,2,1559
3450,2,1946
3451,5,4402
3452,3,4910
3453,3,4872
3454,3,2192
3455,3,2397
3456,5,1824
3457,,
3458,4,1864
3459,,
3460,4,3200
3461,3,3293
3462,3,2303
3463,4,4345
3464,,
3465,3,1366
3466,3,1000
3467,4,4052
3468,,
3469,4,2565
3470,3,1572
3471,3,4702
3472,4,1152
3473,,
3474,4,2440
3475,,
3476,4,691
3477,2,509
3478,5,441
3479,3,3717
3480,5,1860
3481,3,907
3482,,
3483,3,2290
3484,4,854
3485,5,307
3486,4,4172
3487,4,3775
3488,5,3991
3489,2,4666
3490,4,1037
3491,3,4811
3492,4,943
3493,4,4345
3494,,
3495,3,4872
3496,3,4811
3497,,
3498,2,2388
3499,3,2236
3500,,
3501,4,1061
3502,3,2039
3503,4,4907
3504,5,4138
3505,3,566
3506,2,2747
3507,3,1760
3508,5,4919
3509,4,3796
3510,4,866
3511,3,2915
3512,4,4102
3513,3,1940
3514,2,4029
3515,3,1300
3516,3,2290
3517,4,1388
3518,,
3519,3,4199
3520,4,1690
3521,2,1138
3522,4,3853
3523,4,4947
3524,4,1938
3525,3,2290
3526,4,4292
3527,2,83
3528,4,360
3529,4,3768
3530,4,1059
3531,2,3613
3532,,
3533,4,1061
3534,4,2321
3535,4,651
3536,1,2720
3537,4,589
3538,3,1773
3539,4,4426
3540,3,3655
3541,3,857
3542,4,3798
3543,4,2125
3544,2,463
3545,5,266
3546,3,699
3547,3,3314
3548,4,2373
3549,2,722
3550,4,589
3551,4,1051
3552,2,4029
3553,3,857
3554,3,2179
3555,3,2290
3556,4,4358
3557,4,4629
3558,,
3559,,
3560,2,3613
3561,4,1693
3562,,
3563,4,619
3564,2,4659
3565,4,431
3566,4,4454
3567,5,756
3568,4,378
3569,3,2397
3570,3,4523
3571,4,2015
3572,4,1800
3573,,
3574,,
3575,4,1350
3576,,
3577,2,3246
3578,,
3579,5,3396
3580,,
3581,6,3383
3582,4,2098
3583,3,3477
3584,5,530
3585,3,737
3586,4,4141
3587,4,2729
3588,4,3928
3589,4,4426
3590,5,2261
3591,4,854
3592,4,4888
3593,,
3594,4,1916
3595,4,1866
3596,3,3549
3597,5,2864
3598,4,1293
3599,,
3600,4,4466
3601,7,62
3602,2,1360
3603,3,2796
3604,3,2287
3605,4,2254
3606,3,1454
3607,3,1760
3608,4,3400
3609,3,2436
3610,3,573
3611,3,3506
3612,3,4811
3613,1,2720
3614,,
3615,3,3155
3616,4,1510
3617,4,432
3618,3,2550
3619,4,2987
3620,3,971
3621,4,1330
3622,3,2346
3623,3,802
3624,5,1573
3625,5,4135
3626,4,2565
3627,3,3602
3628,2,1946
3629,5,4028
3630,4,4907
3631,3,3786
3632,4,651
3633,2,1560
3634,3,4024
3635,3,2039
3636,,
3637,2,4029
3638,4,3660
3639,,
3640,4,1152
3641,3,294
3642,5,1843
3643,4,4458
3644,4,1322
3645,2,1332
3646,3,4222
3647,3,1811
3648,3,4300
3649,3,3861
3650,5,4848
3651,4,3185
3652,5,455
3653,4,2953
3654,3,737
3655,2,775
3656,2,463
3657,3,1107
3658,4,797
3659,4,1152
3660,3,1658
3661,,
3662,4,3881
3663,3,473
3664,,
3665,4,3452
3666,2,2551
3667,5,1010
3668,3,53
3669,3,2550
3670,3,3314
3671,4,2530
3672,5,1079
3673,4,3079
3674,3,3293
3675,3,1999
3676,2,2551
3677,2,3246
3678,,
3679,3,4123
3680,3,1107
3681,4,3936
3682,4,2787
3683,,
3684,4,3698
3685,3,3477
3686,4,3692
3687,,
3688,3,4465
3689,5,3493
3690,5,441
3691,,
3692,3,1454
3693,3,1880
3694,2,2747
3695,4,340
3696,3,850
3697,4,4101
3698,3,1753
3699,4,3224
3700,4,1152
3701,4,3388
3702,4,1866
3703,4,2405
3704,6,3732
3705,,
3706,4,726
3707,3,294
3708,5,4138
3709,5,3379
3710,,
3711,4,797
3712,,
3713,3,4011
3714,5,455
3715,5,4374
3716,,
3717,2,2724
3718,5,347
3719,6,1291
3720,2,722
3721,2,4666
3722,5,3782
3723,3,3293
3724,3,720
3725,5,3862
3726,,
3727,3,728
3728,3,294
3729,,
3730,3,2013
3731,3,4856
3732,5,1141
3733,5,1947
3734,3,2994
3735,4,4358
3736,3,3168
3737,4,3775
3738,5,2347
3739,4,2028
3740,4,4682
3741,,
3742,2,83
3743,3,1113
3744,3,4305
3745,4,2342
3746,4,1574
3747,3,1880
3748,2,472
3749,5,3872
3750,,
3751,5,1608
3752,4,3350
3753,2,1946
3754,3,4523
3755,,
3756,3,2558
3757,,
3758,,
3759,4,2725
3760,,
3761,4,554
3762,2,83
3763,4,1184
3764,4,1866
3765,,
3766,4,4101
3767,3,1238
3768,3,644
3769,3,1048
3770,4,779
3771,4,4441
3772,3,2031
3773,,
3774,3,1940
3775,3,1454
3776,4,3507
3777,3,1100
3778,,
3779,2,1085
3780,3,2026
3781,4,2979
3782,4,3201
3783,3,4811
3784,5,2544
3785,4,1338
3786,2,1946
3787,4,3863
3788,,
3789,3,1317
3790,4,3023
3791,,
3792,4,1948
3793,3,2390
3794,3,3655
3795,4,748
3796,3,4350
3797,3,4903
3798,3,4503
3799,3,1238
3800,3,1880
3801,5,1068
3802,5,2954
3803,,
3804,3,4465
3805,3,1100
3806,3,4910
3807,,
3808,5,2954
3809,3,4093
3810,,
3811,4,3153
3812,3,1572
3813,4,3793
3814,3,4035
3815,5,2415
3816,4,4345
3817,,
3818,3,4063
3819,,
3820,4,2230
3821,,
3822,4,3954
3823,2,1946
3824,4,1709
3825,3,3717
3826,3,4465
3827,,
3828,3,2449
3829,2,4890
3830,4,1515
3831,2,3613
3832,,
3833,,
3834,5,4028
3835,4,4358
3836,4,3798
3837,3,1113
3838,4,2444
3839,3,1589
3840,2,509
3841,2,2724
3842,3,2136
3843,3,1811
3844,3,2771
3845,4,1819
3846,4,4696
3847,,
3848,3,1753
3849,3,737
3850,6,1291
3851,3,294
3852,3,4199
3853,3,4465
3854,2,1518
3855,2,722
3856,3,4634
3857,3,294
3858,3,648
3859,2,2551
3860,3,190
3861,2,3246
3862,4,2769
3863,3,3717
3864,2,2724
3865,3,239
3866,3,3861
3867,,
3868,3,4300
3869,2,4659
3870,,
3871,,
3872,4,1199
3873,,
3874,3,2262
3875,5,1223
3876,3,1113
3877,6,3383
3878,4,1496
3879,2,4029
3880,2,4029
3881,3,4222
3882,2,1560
3883,3,3293
3884,,
3885,5,4451
3886,2,4659
3887,3,3831
3888,4,651
3889,1,2720
3890,3,1880
3891,2,4659
3892,4,2079
3893,,
3894,3,648
3895,4,1268
3896,2,2747
3897,4,1417
3898,,
3899,,
3900,,
3901,3,728
3902,4,651
3903,6,1988
3904,4,2631
3905,3,573
3906,,
3907,,
3908,3,460
3909,2,1560
3910,3,4465
3911,4,4536
3912,3,4613
3913,2,4659
3914,3,850
3915,6,2145
3916,2,1360
3917,4,4052
3918,2,2551
3919,4,690
3920,5,2261
3921,4,3185
3922,,
3923,4,705
3924,3,4225
3925,3,4858
3926,4,2398
3927,4,1693
3928,3,53
3929,3,3450
3930,6,2394
3931,3,3344
3932,2,775
3933,,
3934,3,2702
3935,5,1602
3936,3,3022
3937,5,2560
3938,3,4325
3939,4,4891
3940,3,50
3941,3,4523
3942,4,691
3943,4,2569
3944,3,564
3945,4,4844
3946,4,651
3947,4,691
3948,,
3949,3,3105
3950,2,3613
3951,,
3952,3,4235
3953,4,3627
3954,3,609
3955,4,4292
3956,3,2647
3957,4,693
3958,,
3959,2,2551
3960,4,3373
3961,3,3477
3962,3,911
3963,6,2240
3964,3,2136
3965,2,83
3966,4,1337
3967,3,1880
3968,4,4113
3969,8,4416
3970,3,3560
3971,3,2290
3972,3,1107
3973,2,4659
3974,2,2551
3975,4,2448
3976,,
3977,4,3881
3978,3,4616
3979,3,2335
3980,4,3954
3981,3,230
3982,3,3564
3983,3,50
3984,3,720
3985,4,3615
3986,5,3184
3987,3,4344
3988,4,2487
3989,4,3079
3990,4,3768
3991,4,589
3992,4,3952
3993,3,503
3994,2,2724
3995,,
3996,3,460
3997,3,4465
3998,4,2405
3999,3,2640
4000,3,1940
4001,4,2563
4002,3,4071
4003,4,3818
4004,,
4005,3,52
4006,4,3623
4007,4,4499
4008,6,1982
4009,2,2551
4010,3,882
4011,2,1085
4012,3,2437
4013,3,573
4014,3,2686
4015,3,491
4016,3,3840
4017,,
4018,5,2308
4019,4,1840
4020,8,4416
4021,4,1580
4022,3,3655
4023,5,3872
4024,2,1092
4025,4,2855
4026,5,4425
4027,5,2897
4028,4,3881
4029,1,2720
4030,3,1238
4031,3,3637
4032,4,3060
4033,3,4071
4034,2,4691
4035,2,4029
4036,3,2449
4037,4,1336
4038,4,1336
4039,4,4907
4040,3,4858
4041,,
4042,4,2568
4043,,
4044,,
4045,,
4046,4,3185
4047,3,934
4048,,
4049,,
4050,2,1946
4051,4,1819
4052,3,725
4053,,
4054,4,1866
4055,4,3768
4056,5,678
4057,4,3996
4058,3,473
4059,3,294
4060,,
4061,4,1051
4062,3,232
4063,2,4659
4064,3,4811
4065,2,1085
4066,,
4067,4,1396
4068,5,3396
4069,3,4093
4070,3,3950
4071,2,1518
4072,4,3073
4073,4,4907
4074,4,3798
4075,,
4076,4,204
4077,4,3768
4078,4,4466
4079,4,3796
4080,4,4193
4081,3,291
4082,3,4071
4083,2,4666
4084,5,3566
4085,4,854
4086,3,3414
4087,3,1773
4088,,
4089,4,1268
4090,4,796
4091,,
4092,3,3340
4093,2,2551
4094,2,4666
4095,,
4096,4,1400
4097,3,648
4098,3,720
4099,3,3564
4100,3,4523
4101,3,4350
4102,3,3230
4103,4,2672
4104,2,2724
4105,3,4948
4106,4,4036
4107,2,775
4108,3,4296
4109,4,3604
4110,3,2796
4111,4,3153
4112,5,4868
4113,3,4955
4114,3,650
4115,4,399
4116,2,1085
4117,4,1874
4118,3,3720
4119,3,50
4120,3,2374
4121,3,608
4122,4,2440
4123,2,2157
4124,6,3110
4125,3,4363
4126,5,2150
4127,3,1940
4128,3,566
4129,3,3316
4130,4,4720
4131,4,1840
4132,4,651
4133,3,1753
4134,4,4466
4135,4,4293
4136,3,2449
4137,3,294
4138,4,4052
4139,,
4140,4,726
4141,3,3859
4142,3,3065
4143,3,4296
4144,3,1113
4145,5,2864
4146,4,635
4147,4,3400
4148,4,3419
4149,,
4150,4,1991
4151,,
4152,3,2956
4153,3,3313
4154,4,973
4155,,
4156,4,1061
4157,,
4158,5,309
4159,4,399
4160,3,2362
4161,2,775
4162,2,4666
4163,3,4225
4164,4,3641
4165,3,4296
4166,,
4167,4,967
4168,,
4169,3,4669
4170,4,3800
4171,3,3285
4172,3,1200
4173,3,609
4174,5,1586
4175,3,971
4176,2,2747
4177,2,2551
4178,3,2188
4179,4,3513
4180,3,3552
4181,3,2287
4182,,
4183,3,3061
4184,3,4383
4185,,
4186,3,1753
4187,5,4848
4188,4,865
4189,3,3314
4190,4,651
4191,3,4598
4192,2,4029
4193,3,850
4194,4,2493
4195,4,4466
4196,3,74
4197,4,360
4198,3,566
4199,2,3536
4200,3,4251
4201,,
4202,4,4536
4203,4,1003
4204,5,2544
4205,2,1946
4206,5,2457
4207,3,4296
4208,3,4241
4209,,
4210,3,4523
4211,,
4212,4,1995
4213,4,1630
4214,2,2551
4215,3,4811
4216,3,503
4217,4,2857
4218,,
4219,3,1200
4220,3,4948
4221,2,3536
4222,2,463
4223,3,3276
4224,4,3660
4225,2,83
4226,4,1800
4227,2,2724
4228,3,4613
4229,2,2551
4230,3,294
4231,3,2397
4232,3,4363
4233,3,4296
4234,,
4235,2,775
4236,3,1129
4237,3,469
4238,4,4358
4239,4,706
4240,4,1469
4241,2,4029
4242,,
4243,,
4244,6,4764
4245,4,3798
4246,,
4247,,
4248,3,294
4249,5,3640
4250,,
4251,2,2747
4252,4,1062
4253,,
4254,4,2100
4255,3,3255
4256,4,1336
4257,,
4258,7,2391
4259,4,1232
4260,3,4296
4261,3,4296
4262,3,564
4263,,
4264,3,2449
4265,2,3536
4266,3,590
4267,4,194
4268,4,2629
4269,2,2103
4270,3,3552
4271,3,3896
4272,,
4273,,
4274,3,143
4275,,
4276,5,4612
4277,2,2551
4278,,
4279,4,3857
4280,3,4065
4281,2,1946
4282,3,2290
4283,3,1940
4284,3,4034
4285,2,83
4286,5,1079
4287,5,2690
4288,,
4289,3,2136
4290,3,882
4291,,
4292,3,3823
4293,3,4811
4294,4,179
4295,,
4296,2,2724
4297,,
4298,4,3615
4299,3,805
4300,2,1559
4301,2,3246
4302,3,3762
4303,,
4304,4,4101
4305,2,4691
4306,,
4307,3,4265
4308,4,2769
4309,,
4310,4,4907
4311,4,1330
4312,4,523
4313,2,1085
4314,5,1280
4315,4,3471
4316,3,720
4317,6,1982
4318,2,775
4319,4,30
4320,3,230
4321,4,4013
4322,5,1659
4323,4,4466
4324,3,3340
4325,2,4029
4326,4,1037
4327,,
4328,,
4329,,
4330,4,3375
4331,3,2474
4332,,
4333,4,2244
4334,3,546
4335,3,4214
4336,4,2015
4337,3,1118
4338,4,1386
4339,2,1946
4340,2,4666
4341,3,3450
4342,4,2487
4343,4,3707
4344,2,4890
4345,3,2031
4346,4,1268
4347,4,76
4348,3,4296
4349,3,725
4350,2,2551
4351,5,87
4352,4,4704
4353,4,651
4354,4,3291
4355,3,3314
4356,4,1866
4357,6,2238
4358,3,4065
4359,7,62
4360,4,4466
4361,2,4029
4362,4,3306
4363,2,83
4364,,
4365,3,1856
4366,6,2611
4367,6,1291
4368,3,3314
4369,6,3689
4370,4,2629
4371,3,3854
4372,4,3768
4373,3,4523
4374,4,1987
4375,,
4376,3,294
4377,3,3256
4378,5,2150
4379,3,3859
4380,3,3854
4381,3,4858
4382,4,3793
4383,2,3536
4384,4,4700
4385,4,1991
4386,4,3956
4387,3,4281
4388,3,4910
4389,4,757
4390,5,2415
4391,3,2031
4392,3,4523
4393,4,3146
4394,5,808
4395,4,4292
4396,4,651
4397,4,4696
4398,2,1092
4399,5,266
4400,3,2367
4401,3,4613
4402,4,589
4403,3,1589
4404,3,1113
4405,3,3340
4406,,
4407,3,3720
4408,3,3414
4409,3,1246
4410,5,734
4411,3,4034
4412,3,2796
4413,2,775
4414,5,129
4415,4,691
4416,7,62
4417,3,1107
4418,4,1693
4419,4,4720
4420,6,3190
4421,3,1753
4422,3,4613
4423,3,4035
4424,4,2610
4425,4,1798
4426,3,1572
4427,2,4029
4428,,
4429,3,2335
4430,,
4431,3,3313
4432,,
4433,3,402
4434,4,726
4435,3,4874
4436,5,3330
4437,5,2717
4438,2,775
4439,3,2702
4440,4,3674
4441,3,2031
4442,3,1200
4443,4,1051
4444,3,752
4445,,
4446,4,471
4447,2,2157
4448,3,460
4449,4,3756
4450,4,1587
4451,4,1350
4452,3,3293
4453,,
4454,3,2136
4455,3,3720
4456,5,4073
4457,,
4458,3,737
4459,3,4678
4460,,
4461,3,4024
4462,3,805
4463,3,4465
4464,3,2813
4465,2,1138
4466,3,1454
4467,4,1489
4468,,
4469,5,995
4470,3,4251
4471,3,50
4472,4,2125
4473,,
4474,3,1516
4475,2,4691
4476,,
4477,4,2518
4478,3,546
4479,5,808
4480,4,2440
4481,2,1138
4482,5,4054
4483,3,3717
4484,1,2720
4485,4,4682
4486,4,3796
4487,,
4488,,
4489,4,2015
4490,,
4491,4,691
4492,3,4065
4493,,
4494,4,3768
4495,3,1699
4496,3,1238
4497,4,589
4498,3,4811
4499,3,850
4500,3,4313
4501,4,2141
4502,4,1876
4503,2,2724
4504,4,199
4505,4,4629
4506,3,267
4507,3,2449
4508,4,3350
4509,3,802
4510,4,1183
4511,,
4512,4,810
4513,4,2448
4514,4,1337
4515,4,589
4516,4,4101
4517,4,2438
4518,3,2136
4519,3,1658
4520,2,891
4521,3,3786
4522,3,3717
4523,2,4029
4524,4,791
4525,2,2388
4526,3,725
4527,6,3625
4528,4,1152
4529,4,3195
4530,3,2796
4531,3,1238
4532,3,4811
4533,3,2436
4534,3,1387
4535,,
4536,3,2664
4537,3,50
4538,3,4811
4539,4,1733
4540,4,4426
4541,,
4542,4,4036
4543,4,22
4544,6,2611
4545,,
4546,3,1994
4547,5,734
4548,3,805
4549,3,1856
4550,5,455
4551,2,775
4552,4,3205
4553,4,4984
4554,4,1819
4555,3,3655
4556,4,3195
4557,4,3062
4558,2,4666
4559,4,1447
4560,,
4561,3,3288
4562,2,3613
4563,3,737
4564,4,2125
4565,,
4566,,
4567,4,2147
4568,3,1186
4569,,
4570,,
4571,,
4572,5,1480
4573,,
4574,5,1834
4575,4,1864
4576,3,2749
4577,4,2492
4578,3,3950
4579,3,3823
4580,3,2290
4581,,
4582,,
4583,,
4584,4,2405
4585,3,2142
4586,4,177
4587,,
4588,3,4811
4589,,
4590,3,4626
4591,4,2028
4592,8,4416
4593,,
4594,4,4700
4595,2,1559
4596,5,75
4597,3,4222
4598,2,4659
4599,7,2357
4600,4,523
4601,3,2031
4602,4,760
4603,3,4241
4604,4,2979
4605,,
4606,3,247
4607,4,55
4608,4,3768
4609,3,3437
4610,4,854
4611,3,230
4612,4,2444
4613,2,4666
4614,3,2236
4615,4,1060
4616,2,4659
4617,2,1138
4618,,
4619,4,3388
4620,5,1110
4621,4,2492
4622,3,2328
4623,4,1183
4624,4,474
4625,2,2724
4626,2,1559
4627,,
4628,3,1799
4629,3,4858
4630,2,2724
4631,4,854
4632,3,2162
4633,3,3288
4634,2,2103
4635,3,2449
4636,4,3350
4637,4,1061
4638,,
4639,4,587
4640,3,185
4641,3,3293
4642,3,4296
4643,3,1773
4644,2,722
4645,4,4293
4646,,
4647,3,2290
4648,2,463
4649,3,564
4650,,
4651,2,4890
4652,3,3717
4653,4,4186
4654,4,2365
4655,,
4656,5,4446
4657,4,1003
4658,4,2565
4659,1,2720
4660,4,2987
4661,3,2973
4662,4,3146
4663,3,2290
4664,,
4665,3,1999
4666,1,2720
4667,4,2028
4668,3,3854
4669,2,1085
4670,3,3959
4671,,
4672,3,1880
4673,4,797
4674,,
4675,2,2724
4676,5,4054
4677,3,1258
4678,2,3246
4679,2,4666
4680,3,4363
4681,,
4682,3,2374
4683,5,3566
4684,3,4465
4685,3,1856
4686,3,4475
4687,3,1884
4688,,
4689,3,3762
4690,6,2653
4691,1,2720
4692,6,210
4693,4,4052
4694,,
4695,3,2236
4696,3,573
4697,4,2701
4698,4,1819
4699,,
4700,3,1940
4701,,
4702,2,1085
4703,2,775
4704,3,1572
4705,4,1781
4706,4,1003
4707,4,4097
4708,3,1129
4709,3,4613
4710,4,4820
4711,3,3276
4712,4,589
4713,4,2855
4714,3,4199
4715,3,2728
4716,3,294
4717,3,1773
4718,,
4719,3,2426
4720,3,4296
4721,6,3689
4722,2,2724
4723,3,2813
4724,4,1469
4725,3,4941
4726,3,384
4727,,
4728,5,4425
4729,8,4416
4730,4,1306
4731,,
4732,4,4036
4733,2,4029
4734,3,4093
4735,3,4626
4736,,
4737,4,194
4738,5,4425
4739,4,854
4740,3,4872
4741,3,2816
4742,3,4811
4743,4,3328
4744,2,83
4745,3,294
4746,,
4747,,
4748,2,4029
4749,,
4750,,
4751,3,4296
4752,,
4753,2,4691
4754,4,3936
4755,3,4753
4756,2,4659
4757,4,1184
4758,,
4759,4,1127
4760,4,2265
4761,3,4065
4762,,
4763,3,3959
4764,5,64
4765,4,1866
4766,4,3961
4767,3,4948
4768,3,294
4769,4,1694
4770,3,4941
4771,4,4172
4772,,
4773,4,973
4774,3,728
4775,3,4050
4776,3,2328
4777,,
4778,4,378
4779,3,294
4780,4,3768
4781,3,4363
4782,,
4783,4,4062
4784,7,1847
4785,3,3340
4786,3,3521
4787,5,1359
4788,3,805
4789,4,431
4790,3,232
4791,,
4792,3,232
4793,4,651
4794,3,3313
4795,4,2518
4796,4,1199
4797,4,1787
4798,4,3382
4799,,
4800,4,1059
4801,3,4465
4802,3,2474
4803,2,1085
4804,4,3727
4805,5,4451
4806,3,4123
4807,2,4691
4808,2,3613
4809,4,2125
4810,3,3854
4811,2,1946
4812,3,752
4813,4,3635
4814,4,2639
4815,2,1085
4816,3,857
4817,,
4818,4,2371
4819,5,4451
4820,3,4296
4821,3,503
4822,4,2631
4823,3,1940
4824,4,3796
4825,4,324
4826,4,3849
4827,4,4189
4828,4,1972
4829,4,3185
4830,3,4296
4831,4,277
4832,3,3340
4833,3,4811
4834,,
4835,4,854
4836,5,4374
4837,,
4838,3,2302
4839,3,3602
4840,4,2911
4841,5,2261
4842,,
4843,4,1262
4844,3,1768
4845,4,635
4846,6,4056
4847,4,1866
4848,4,1866
4849,3,1940
4850,3,3786
4851,4,2440
4852,4,1693
4853,5,1586
4854,5,3184
4855,,
4856,2,1946
4857,4,854
4858,2,1946
4859,4,4850
4860,2,2157
4861,4,3382
4862,,
4863,4,2028
4864,3,3560
4865,4,1152
4866,3,1035
4867,3,4251
4868,4,3723
4869,3,4874
4870,3,247
4871,4,431
4872,2,4029
4873,2,2724
4874,2,1085
4875,3,882
4876,,
4877,2,1518
4878,8,4416
4879,4,2565
4880,4,1861
4881,4,204
4882,3,3334
4883,3,4065
4884,2,1946
4885,2,2724
4886,3,725
4887,2,4691
4888,3,3560
4889,2,2551
4890,1,2720
4891,3,4811
4892,,
4893,4,726
4894,3,232
4895,4,217
4896,2,4691
4897,,
4898,,
4899,3,3637
4900,2,3246
4901,3,696
4902,3,185
4903,2,4659
4904,5,831
4905,4,3796
4906,2,1946
4907,3,3717
4908,3,1246
4909,6,2274
4910,2,2747
4911,4,4381
4912,,
4913,5,3917
4914,3,4363
4915,5,2955
4916,4,2141
4917,4,2685
4918,3,2414
4919,4,2028
4920,4,854
4921,4,770
4922,2,1946
4923,4,1515
4924,3,2664
4925,5,441
4926,3,3230
4927,2,463
4928,3,573
4929,4,1493
4930,4,854
4931,3,4024
4932,4,3612
4933,3,3823
4934,,
4935,1,2720
4936,3,4065
4937,,
4938,5,4552
4939,3,294
4940,3,3840
4941,2,1138
4942,,
4943,2,2747
4944,4,3604
4945,5,4138
4946,3,1238
4947,3,1129
4948,2,472
4949,5,2860
4950,,
4951,4,4820
4952,,
4953,3,3340
4954,3,2813
4955,2,4029
4956,,
4957,3,2915
4958,4,272
4959,3,1129
4960,4,1417
4961,4,3928
4962,3,1317
4963,,
4964,5,2130
4965,4,1439
4966,,
4967,4,4101
4968,3,1885
4969,5,1239
4970,4,589
4971,,
4972,4,661
4973,3,1565
4974,,
4975,3,4063
4976,1,2720
4977,4,706
4978,4,4292
4979,,
4980,4,1932
4981,3,3340
4982,3,464
4983,,
4984,3,4363
4985,,
4986,3,2154
